{
    "precision_at_50": [
        0.008,
        0.009797958971132713
    ],
    "recall_at_50": [
        0.011596638655462186,
        0.014205409485119624
    ],
    "ndcg_at_k_50": [
        0.009752312530012427,
        0.0121651192192273
    ],
    "F1-score_at_50": [
        0.00946778711484594,
        0.011595962036581071
    ],
    "precision_at_17": [
        0.011764705882352941,
        0.023529411764705882
    ],
    "recall_at_17": [
        0.0058823529411764705,
        0.011764705882352941
    ],
    "ndcg_at_k_17": [
        0.008791404135944505,
        0.01758280827188901
    ],
    "F1-score_at_17": [
        0.007843137254901962,
        0.015686274509803925
    ],
    "precision_at_43": [
        0.009302325581395349,
        0.011392975547828735
    ],
    "recall_at_43": [
        0.011596638655462186,
        0.014205409485119624
    ],
    "ndcg_at_k_43": [
        0.009752312530012427,
        0.0121651192192273
    ],
    "F1-score_at_43": [
        0.010323010323010324,
        0.012643492480942297
    ],
    "precision_at_86": [
        0.0069767441860465115,
        0.0056964877739143676
    ],
    "recall_at_86": [
        0.017310924369747897,
        0.014137640904076028
    ],
    "ndcg_at_k_86": [
        0.01288888122144818,
        0.01123230973312819
    ],
    "F1-score_at_86": [
        0.009944903581267216,
        0.008120135539094487
    ],
    "precision_at_173": [
        0.005780346820809248,
        0.00365581232389408
    ],
    "recall_at_173": [
        0.02873949579831933,
        0.01807328411263202
    ],
    "ndcg_at_k_173": [
        0.01839494441751733,
        0.010271208329768697
    ],
    "F1-score_at_173": [
        0.009624674842066146,
        0.006081331577373267
    ]
}