{
    "precision_at_50": [
        0.012,
        0.016
    ],
    "recall_at_50": [
        0.01731,
        0.02294
    ],
    "ndcg_at_k_50": [
        0.01574,
        0.02012
    ],
    "F1-score_at_50": [
        0.01417,
        0.01885
    ],
    "precision_at_17": [
        0.02353,
        0.02882
    ],
    "recall_at_17": [
        0.0116,
        0.01421
    ],
    "ndcg_at_k_17": [
        0.01828,
        0.02241
    ],
    "F1-score_at_17": [
        0.01554,
        0.01903
    ],
    "precision_at_43": [
        0.01395,
        0.0186
    ],
    "recall_at_43": [
        0.01731,
        0.02294
    ],
    "ndcg_at_k_43": [
        0.01574,
        0.02012
    ],
    "F1-score_at_43": [
        0.01545,
        0.02055
    ],
    "precision_at_86": [
        0.01395,
        0.01139
    ],
    "recall_at_86": [
        0.03445,
        0.02796
    ],
    "ndcg_at_k_86": [
        0.02519,
        0.02186
    ],
    "F1-score_at_86": [
        0.01986,
        0.01619
    ],
    "precision_at_173": [
        0.00809,
        0.00589
    ],
    "recall_at_173": [
        0.04034,
        0.02934
    ],
    "ndcg_at_k_173": [
        0.02808,
        0.02325
    ],
    "F1-score_at_173": [
        0.01348,
        0.00982
    ]
}