{
    "precision_at_50": [
        0.012,
        0.016
    ],
    "recall_at_50": [
        0.01714,
        0.02286
    ],
    "ndcg_at_k_50": [
        0.01393,
        0.01835
    ],
    "F1-score_at_50": [
        0.01412,
        0.01882
    ],
    "precision_at_17": [
        0.02353,
        0.02882
    ],
    "recall_at_17": [
        0.01143,
        0.014
    ],
    "ndcg_at_k_17": [
        0.01578,
        0.01933
    ],
    "F1-score_at_17": [
        0.01538,
        0.01884
    ],
    "precision_at_43": [
        0.01395,
        0.0186
    ],
    "recall_at_43": [
        0.01714,
        0.02286
    ],
    "ndcg_at_k_43": [
        0.01393,
        0.01835
    ],
    "F1-score_at_43": [
        0.01538,
        0.02051
    ],
    "precision_at_86": [
        0.01395,
        0.01709
    ],
    "recall_at_86": [
        0.03445,
        0.04197
    ],
    "ndcg_at_k_86": [
        0.02364,
        0.02812
    ],
    "F1-score_at_86": [
        0.01986,
        0.02429
    ],
    "precision_at_173": [
        0.00809,
        0.00865
    ],
    "recall_at_173": [
        0.04017,
        0.04272
    ],
    "ndcg_at_k_173": [
        0.02642,
        0.02871
    ],
    "F1-score_at_173": [
        0.01347,
        0.01439
    ]
}