{
    "precision_at_50": [
        0.0,
        0.0
    ],
    "recall_at_50": [
        0.0,
        0.0
    ],
    "ndcg_at_k_50": [
        0.0,
        0.0
    ],
    "F1-score_at_50": [
        0.0,
        0.0
    ],
    "precision_at_17": [
        0.0,
        0.0
    ],
    "recall_at_17": [
        0.0,
        0.0
    ],
    "ndcg_at_k_17": [
        0.0,
        0.0
    ],
    "F1-score_at_17": [
        0.0,
        0.0
    ],
    "precision_at_43": [
        0.0,
        0.0
    ],
    "recall_at_43": [
        0.0,
        0.0
    ],
    "ndcg_at_k_43": [
        0.0,
        0.0
    ],
    "F1-score_at_43": [
        0.0,
        0.0
    ],
    "precision_at_86": [
        0.00233,
        0.00465
    ],
    "recall_at_86": [
        0.00588,
        0.01176
    ],
    "ndcg_at_k_86": [
        0.00322,
        0.00643
    ],
    "F1-score_at_86": [
        0.00333,
        0.00667
    ],
    "precision_at_173": [
        0.00925,
        0.00784
    ],
    "recall_at_173": [
        0.04672,
        0.04005
    ],
    "ndcg_at_k_173": [
        0.02328,
        0.01979
    ],
    "F1-score_at_173": [
        0.01544,
        0.01311
    ]
}