{
    "precision_at_50": [
        0.0,
        0.0
    ],
    "recall_at_50": [
        0.0,
        0.0
    ],
    "ndcg_at_k_50": [
        0.0,
        0.0
    ],
    "F1-score_at_50": [
        0.0,
        0.0
    ],
    "precision_at_32": [
        0.0,
        0.0
    ],
    "recall_at_32": [
        0.0,
        0.0
    ],
    "ndcg_at_k_32": [
        0.0,
        0.0
    ],
    "F1-score_at_32": [
        0.0,
        0.0
    ],
    "precision_at_80": [
        0.0,
        0.0
    ],
    "recall_at_80": [
        0.0,
        0.0
    ],
    "ndcg_at_k_80": [
        0.0,
        0.0
    ],
    "F1-score_at_80": [
        0.0,
        0.0
    ],
    "precision_at_160": [
        0.013750000000000002,
        0.012747548783981964
    ],
    "recall_at_160": [
        0.027314814814814813,
        0.025393189101329188
    ],
    "ndcg_at_k_160": [
        0.01765202835568916,
        0.0165536156452192
    ],
    "F1-score_at_160": [
        0.018291839557399724,
        0.016973749686652904
    ],
    "precision_at_321": [
        0.014330218068535825,
        0.011755739728419444
    ],
    "recall_at_321": [
        0.057006172839506174,
        0.04672676416417776
    ],
    "ndcg_at_k_321": [
        0.03485624559681642,
        0.028525739120601135
    ],
    "F1-score_at_321": [
        0.022902941650848004,
        0.0187851676652387
    ]
}