{
    "precision_at_50": [
        0.012,
        0.0098
    ],
    "recall_at_50": [
        0.00933,
        0.00762
    ],
    "ndcg_at_k_50": [
        0.00882,
        0.0072
    ],
    "F1-score_at_50": [
        0.0105,
        0.00857
    ],
    "precision_at_32": [
        0.0,
        0.0
    ],
    "recall_at_32": [
        0.0,
        0.0
    ],
    "ndcg_at_k_32": [
        0.0,
        0.0
    ],
    "F1-score_at_32": [
        0.0,
        0.0
    ],
    "precision_at_80": [
        0.0325,
        0.02031
    ],
    "recall_at_80": [
        0.04058,
        0.02544
    ],
    "ndcg_at_k_80": [
        0.02937,
        0.0182
    ],
    "F1-score_at_80": [
        0.03609,
        0.02259
    ],
    "precision_at_160": [
        0.03,
        0.01075
    ],
    "recall_at_160": [
        0.0749,
        0.02704
    ],
    "ndcg_at_k_160": [
        0.0511,
        0.0189
    ],
    "F1-score_at_160": [
        0.04284,
        0.01539
    ],
    "precision_at_321": [
        0.01558,
        0.00591
    ],
    "recall_at_321": [
        0.07803,
        0.0298
    ],
    "ndcg_at_k_321": [
        0.05273,
        0.02044
    ],
    "F1-score_at_321": [
        0.02597,
        0.00986
    ]
}