{
    "precision_at_50": [
        0.008,
        0.0098
    ],
    "recall_at_50": [
        0.00625,
        0.00765
    ],
    "ndcg_at_k_50": [
        0.0061,
        0.00747
    ],
    "F1-score_at_50": [
        0.00702,
        0.00859
    ],
    "precision_at_32": [
        0.0,
        0.0
    ],
    "recall_at_32": [
        0.0,
        0.0
    ],
    "ndcg_at_k_32": [
        0.0,
        0.0
    ],
    "F1-score_at_32": [
        0.0,
        0.0
    ],
    "precision_at_80": [
        0.015,
        0.01458
    ],
    "recall_at_80": [
        0.01861,
        0.018
    ],
    "ndcg_at_k_80": [
        0.01369,
        0.01267
    ],
    "F1-score_at_80": [
        0.01661,
        0.01611
    ],
    "precision_at_160": [
        0.015,
        0.0075
    ],
    "recall_at_160": [
        0.03731,
        0.0185
    ],
    "ndcg_at_k_160": [
        0.02487,
        0.01284
    ],
    "F1-score_at_160": [
        0.0214,
        0.01067
    ],
    "precision_at_321": [
        0.01246,
        0.00394
    ],
    "recall_at_321": [
        0.06221,
        0.01931
    ],
    "ndcg_at_k_321": [
        0.03777,
        0.01243
    ],
    "F1-score_at_321": [
        0.02076,
        0.00655
    ]
}