{
    "precision": [
        0.0008403813056194681,
        0.001217013055050869
    ],
    "recall": [
        0.025,
        0.0426193178030808
    ],
    "F1-score": [
        0.0016183436731878331,
        0.002363548512173612
    ]
}