{
    "precision_at_50": [
        0.016,
        0.0196
    ],
    "recall_at_50": [
        0.0125,
        0.01531
    ],
    "ndcg_at_k_50": [
        0.0138,
        0.01717
    ],
    "F1-score_at_50": [
        0.01404,
        0.01719
    ],
    "precision_at_32": [
        0.01875,
        0.025
    ],
    "recall_at_32": [
        0.00938,
        0.0125
    ],
    "ndcg_at_k_32": [
        0.01491,
        0.02079
    ],
    "F1-score_at_32": [
        0.0125,
        0.01667
    ],
    "precision_at_80": [
        0.03,
        0.00612
    ],
    "recall_at_80": [
        0.0374,
        0.00774
    ],
    "ndcg_at_k_80": [
        0.02894,
        0.00624
    ],
    "F1-score_at_80": [
        0.0333,
        0.00684
    ],
    "precision_at_160": [
        0.02125,
        0.0075
    ],
    "recall_at_160": [
        0.05303,
        0.01886
    ],
    "ndcg_at_k_160": [
        0.03877,
        0.01126
    ],
    "F1-score_at_160": [
        0.03034,
        0.01073
    ],
    "precision_at_321": [
        0.01184,
        0.00413
    ],
    "recall_at_321": [
        0.05928,
        0.02086
    ],
    "ndcg_at_k_321": [
        0.04199,
        0.01343
    ],
    "F1-score_at_321": [
        0.01973,
        0.0069
    ]
}