{
    "precision_at_50": [
        0.07200000000000001,
        0.0466476151587624
    ],
    "recall_at_50": [
        0.029202727511146075,
        0.018923503431494182
    ],
    "ndcg_at_k_50": [
        0.09205162316532396,
        0.07893217419105057
    ],
    "F1-score_at_50": [
        0.04155205634177131,
        0.02692435703126717
    ],
    "precision_at_61": [
        0.07540983606557378,
        0.0459016393442623
    ],
    "recall_at_61": [
        0.03730658274324679,
        0.022686155811127068
    ],
    "ndcg_at_k_61": [
        0.09192543444350616,
        0.07325185829167578
    ],
    "F1-score_at_61": [
        0.049917743830787314,
        0.03036464112299477
    ],
    "precision_at_153": [
        0.05751633986928104,
        0.03342931203279587
    ],
    "recall_at_153": [
        0.07138735903488067,
        0.041485429729711275
    ],
    "ndcg_at_k_153": [
        0.08129953338395268,
        0.05741730821684131
    ],
    "F1-score_at_153": [
        0.06370533144979858,
        0.037023843919720335
    ],
    "precision_at_306": [
        0.047058823529411764,
        0.022697719417235734
    ],
    "recall_at_306": [
        0.11683713611329663,
        0.05634700006229388
    ],
    "ndcg_at_k_306": [
        0.11093597403968673,
        0.06775839693467695
    ],
    "F1-score_at_306": [
        0.06709383639616198,
        0.03235982074187023
    ],
    "precision_at_613": [
        0.03197389885807504,
        0.0146492295730138
    ],
    "recall_at_613": [
        0.15896931549960663,
        0.07261277623661418
    ],
    "ndcg_at_k_613": [
        0.13537336081618148,
        0.07655881380808624
    ],
    "F1-score_at_613": [
        0.05323948439620082,
        0.02437975520997442
    ]
}