{
    "precision_at_50": [
        0.076,
        0.01497
    ],
    "recall_at_50": [
        0.03099,
        0.00606
    ],
    "ndcg_at_k_50": [
        0.07303,
        0.01659
    ],
    "F1-score_at_50": [
        0.04402,
        0.00862
    ],
    "precision_at_61": [
        0.07541,
        0.01311
    ],
    "recall_at_61": [
        0.0375,
        0.00642
    ],
    "ndcg_at_k_61": [
        0.07307,
        0.01528
    ],
    "F1-score_at_61": [
        0.0501,
        0.00862
    ],
    "precision_at_153": [
        0.04967,
        0.01346
    ],
    "recall_at_153": [
        0.06196,
        0.01673
    ],
    "ndcg_at_k_153": [
        0.06283,
        0.01294
    ],
    "F1-score_at_153": [
        0.05514,
        0.01492
    ],
    "precision_at_306": [
        0.03856,
        0.00728
    ],
    "recall_at_306": [
        0.09624,
        0.01822
    ],
    "ndcg_at_k_306": [
        0.08496,
        0.01311
    ],
    "F1-score_at_306": [
        0.05506,
        0.0104
    ],
    "precision_at_613": [
        0.02969,
        0.00866
    ],
    "recall_at_613": [
        0.1485,
        0.04365
    ],
    "ndcg_at_k_613": [
        0.11499,
        0.02492
    ],
    "F1-score_at_613": [
        0.04949,
        0.01445
    ]
}