{
    "precision_at_50": [
        0.108,
        0.05154
    ],
    "recall_at_50": [
        0.044,
        0.02088
    ],
    "ndcg_at_k_50": [
        0.13902,
        0.07616
    ],
    "F1-score_at_50": [
        0.06252,
        0.02972
    ],
    "precision_at_61": [
        0.09836,
        0.04147
    ],
    "recall_at_61": [
        0.04889,
        0.02048
    ],
    "ndcg_at_k_61": [
        0.12832,
        0.0645
    ],
    "F1-score_at_61": [
        0.06531,
        0.02742
    ],
    "precision_at_153": [
        0.0549,
        0.02008
    ],
    "recall_at_153": [
        0.06844,
        0.02484
    ],
    "ndcg_at_k_153": [
        0.09324,
        0.03975
    ],
    "F1-score_at_153": [
        0.06093,
        0.02221
    ],
    "precision_at_306": [
        0.03595,
        0.01627
    ],
    "recall_at_306": [
        0.08959,
        0.04033
    ],
    "ndcg_at_k_306": [
        0.10711,
        0.04834
    ],
    "F1-score_at_306": [
        0.05131,
        0.02319
    ],
    "precision_at_613": [
        0.02251,
        0.00761
    ],
    "recall_at_613": [
        0.11245,
        0.03773
    ],
    "ndcg_at_k_613": [
        0.12032,
        0.04405
    ],
    "F1-score_at_613": [
        0.03751,
        0.01267
    ]
}