{
    "precision": [
        0.0031124530606479427,
        0.0012081334023032499
    ],
    "recall": [
        0.042436358789817406,
        0.02023076580814994
    ],
    "F1-score": [
        0.005790338314567807,
        0.0022731256135707376
    ]
}