{
    "precision_at_50": [
        0.104,
        0.03441
    ],
    "recall_at_50": [
        0.04245,
        0.01415
    ],
    "ndcg_at_k_50": [
        0.13334,
        0.04265
    ],
    "F1-score_at_50": [
        0.06029,
        0.02006
    ],
    "precision_at_61": [
        0.09836,
        0.0311
    ],
    "recall_at_61": [
        0.04898,
        0.01562
    ],
    "ndcg_at_k_61": [
        0.12563,
        0.03948
    ],
    "F1-score_at_61": [
        0.0654,
        0.02079
    ],
    "precision_at_153": [
        0.04967,
        0.0114
    ],
    "recall_at_153": [
        0.06202,
        0.01433
    ],
    "ndcg_at_k_153": [
        0.08669,
        0.02561
    ],
    "F1-score_at_153": [
        0.05516,
        0.01269
    ],
    "precision_at_306": [
        0.03333,
        0.00837
    ],
    "recall_at_306": [
        0.08323,
        0.02111
    ],
    "ndcg_at_k_306": [
        0.10053,
        0.02823
    ],
    "F1-score_at_306": [
        0.0476,
        0.01199
    ],
    "precision_at_613": [
        0.02055,
        0.00366
    ],
    "recall_at_613": [
        0.10283,
        0.01866
    ],
    "ndcg_at_k_613": [
        0.11193,
        0.02358
    ],
    "F1-score_at_613": [
        0.03426,
        0.00612
    ]
}