{
    "precision_at_50": [
        0.04,
        0.02191
    ],
    "recall_at_50": [
        0.07464,
        0.04005
    ],
    "ndcg_at_k_50": [
        0.07908,
        0.05733
    ],
    "F1-score_at_50": [
        0.05208,
        0.02833
    ],
    "precision_at_13": [
        0.06154,
        0.03077
    ],
    "recall_at_13": [
        0.0302,
        0.01511
    ],
    "ndcg_at_k_13": [
        0.08081,
        0.06488
    ],
    "F1-score_at_13": [
        0.04051,
        0.02026
    ],
    "precision_at_33": [
        0.04242,
        0.01485
    ],
    "recall_at_33": [
        0.05242,
        0.01769
    ],
    "ndcg_at_k_33": [
        0.06584,
        0.04023
    ],
    "F1-score_at_33": [
        0.04689,
        0.01615
    ],
    "precision_at_66": [
        0.04242,
        0.01767
    ],
    "recall_at_66": [
        0.10456,
        0.04237
    ],
    "ndcg_at_k_66": [
        0.09494,
        0.05635
    ],
    "F1-score_at_66": [
        0.06036,
        0.02494
    ],
    "precision_at_133": [
        0.02406,
        0.00563
    ],
    "recall_at_133": [
        0.11994,
        0.02661
    ],
    "ndcg_at_k_133": [
        0.10254,
        0.04955
    ],
    "F1-score_at_133": [
        0.04008,
        0.00929
    ]
}