{
    "precision": [
        0.00043383947939262476,
        0.0005313426773933142
    ],
    "recall": [
        0.015384615384615385,
        0.018842228790639834
    ],
    "F1-score": [
        0.0008438818565400845,
        0.0010335399758578813
    ]
}