{
    "precision_at_50": [
        0.0,
        0.0
    ],
    "recall_at_50": [
        0.0,
        0.0
    ],
    "ndcg_at_k_50": [
        0.0,
        0.0
    ],
    "F1-score_at_50": [
        0.0,
        0.0
    ],
    "precision_at_13": [
        0.0,
        0.0
    ],
    "recall_at_13": [
        0.0,
        0.0
    ],
    "ndcg_at_k_13": [
        0.0,
        0.0
    ],
    "F1-score_at_13": [
        0.0,
        0.0
    ],
    "precision_at_34": [
        0.0,
        0.0
    ],
    "recall_at_34": [
        0.0,
        0.0
    ],
    "ndcg_at_k_34": [
        0.0,
        0.0
    ],
    "F1-score_at_34": [
        0.0,
        0.0
    ],
    "precision_at_69": [
        0.0058,
        0.0071
    ],
    "recall_at_69": [
        0.01429,
        0.0175
    ],
    "ndcg_at_k_69": [
        0.00763,
        0.00934
    ],
    "F1-score_at_69": [
        0.00825,
        0.0101
    ],
    "precision_at_139": [
        0.00576,
        0.00839
    ],
    "recall_at_139": [
        0.02857,
        0.04165
    ],
    "ndcg_at_k_139": [
        0.01439,
        0.02058
    ],
    "F1-score_at_139": [
        0.00958,
        0.01397
    ]
}