{
    "precision_at_50": [
        0.036,
        0.03441
    ],
    "recall_at_50": [
        0.06838,
        0.06625
    ],
    "ndcg_at_k_50": [
        0.05984,
        0.06423
    ],
    "F1-score_at_50": [
        0.04716,
        0.04529
    ],
    "precision_at_13": [
        0.06154,
        0.05756
    ],
    "recall_at_13": [
        0.0302,
        0.02864
    ],
    "ndcg_at_k_13": [
        0.05106,
        0.05394
    ],
    "F1-score_at_13": [
        0.04051,
        0.03824
    ],
    "precision_at_33": [
        0.04848,
        0.0562
    ],
    "recall_at_33": [
        0.06068,
        0.07131
    ],
    "ndcg_at_k_33": [
        0.05539,
        0.06737
    ],
    "F1-score_at_33": [
        0.0539,
        0.06286
    ],
    "precision_at_66": [
        0.03636,
        0.02268
    ],
    "recall_at_66": [
        0.0906,
        0.05766
    ],
    "ndcg_at_k_66": [
        0.07148,
        0.05898
    ],
    "F1-score_at_66": [
        0.05189,
        0.03255
    ],
    "precision_at_133": [
        0.02105,
        0.01203
    ],
    "recall_at_133": [
        0.10541,
        0.06094
    ],
    "ndcg_at_k_133": [
        0.07909,
        0.05845
    ],
    "F1-score_at_133": [
        0.03509,
        0.02009
    ]
}