{
    "precision_at_50": [
        0.0,
        0.0
    ],
    "recall_at_50": [
        0.0,
        0.0
    ],
    "ndcg_at_k_50": [
        0.0,
        0.0
    ],
    "F1-score_at_50": [
        0.0,
        0.0
    ],
    "precision_at_13": [
        0.0,
        0.0
    ],
    "recall_at_13": [
        0.0,
        0.0
    ],
    "ndcg_at_k_13": [
        0.0,
        0.0
    ],
    "F1-score_at_13": [
        0.0,
        0.0
    ],
    "precision_at_34": [
        0.0,
        0.0
    ],
    "recall_at_34": [
        0.0,
        0.0
    ],
    "ndcg_at_k_34": [
        0.0,
        0.0
    ],
    "F1-score_at_34": [
        0.0,
        0.0
    ],
    "precision_at_69": [
        0.002898550724637681,
        0.005797101449275362
    ],
    "recall_at_69": [
        0.007407407407407407,
        0.014814814814814814
    ],
    "ndcg_at_k_69": [
        0.003829331714535482,
        0.007658663429070964
    ],
    "F1-score_at_69": [
        0.004166666666666667,
        0.008333333333333333
    ],
    "precision_at_139": [
        0.0057553956834532375,
        0.005383679693199916
    ],
    "recall_at_139": [
        0.0291005291005291,
        0.027581823320589133
    ],
    "ndcg_at_k_139": [
        0.014531259133681978,
        0.0135523304860688
    ],
    "F1-score_at_139": [
        0.009609696270110383,
        0.009008395317535231
    ]
}