{
    "precision_at_50": [
        0.004,
        0.008
    ],
    "recall_at_50": [
        0.00714,
        0.01429
    ],
    "ndcg_at_k_50": [
        0.00492,
        0.00984
    ],
    "F1-score_at_50": [
        0.00513,
        0.01026
    ],
    "precision_at_13": [
        0.0,
        0.0
    ],
    "recall_at_13": [
        0.0,
        0.0
    ],
    "ndcg_at_k_13": [
        0.0,
        0.0
    ],
    "F1-score_at_13": [
        0.0,
        0.0
    ],
    "precision_at_34": [
        0.00588,
        0.01176
    ],
    "recall_at_34": [
        0.00714,
        0.01429
    ],
    "ndcg_at_k_34": [
        0.00492,
        0.00984
    ],
    "F1-score_at_34": [
        0.00645,
        0.0129
    ],
    "precision_at_69": [
        0.0058,
        0.0071
    ],
    "recall_at_69": [
        0.01429,
        0.0175
    ],
    "ndcg_at_k_69": [
        0.0088,
        0.0109
    ],
    "F1-score_at_69": [
        0.00825,
        0.0101
    ],
    "precision_at_139": [
        0.00576,
        0.00538
    ],
    "recall_at_139": [
        0.02857,
        0.02673
    ],
    "ndcg_at_k_139": [
        0.01554,
        0.01531
    ],
    "F1-score_at_139": [
        0.00958,
        0.00896
    ]
}