{
    "precision_at_50": [
        0.028,
        0.02713
    ],
    "recall_at_50": [
        0.05271,
        0.05127
    ],
    "ndcg_at_k_50": [
        0.03856,
        0.03952
    ],
    "F1-score_at_50": [
        0.03657,
        0.03548
    ],
    "precision_at_13": [
        0.03077,
        0.03768
    ],
    "recall_at_13": [
        0.0151,
        0.0185
    ],
    "ndcg_at_k_13": [
        0.02121,
        0.02599
    ],
    "F1-score_at_13": [
        0.02026,
        0.02481
    ],
    "precision_at_33": [
        0.0303,
        0.03833
    ],
    "recall_at_33": [
        0.03761,
        0.04731
    ],
    "ndcg_at_k_33": [
        0.02997,
        0.03783
    ],
    "F1-score_at_33": [
        0.03356,
        0.04234
    ],
    "precision_at_66": [
        0.02727,
        0.02227
    ],
    "recall_at_66": [
        0.06752,
        0.05515
    ],
    "ndcg_at_k_66": [
        0.0464,
        0.04172
    ],
    "F1-score_at_66": [
        0.03885,
        0.03172
    ],
    "precision_at_133": [
        0.01955,
        0.01473
    ],
    "recall_at_133": [
        0.09801,
        0.07413
    ],
    "ndcg_at_k_133": [
        0.06075,
        0.05018
    ],
    "F1-score_at_133": [
        0.03259,
        0.02458
    ]
}