{
    "precision_at_50": [
        0.05,
        0.04123105625617661
    ],
    "recall_at_50": [
        0.09401709401709402,
        0.07742266804388144
    ],
    "ndcg_at_k_50": [
        0.08928730137230828,
        0.08938551787340698
    ],
    "F1-score_at_50": [
        0.06527682843472317,
        0.05379817781712253
    ],
    "precision_at_13": [
        0.057692307692307696,
        0.09992600812897369
    ],
    "recall_at_13": [
        0.027777777777777776,
        0.048112522432468816
    ],
    "ndcg_at_k_13": [
        0.07155817303382236,
        0.12394239139138548
    ],
    "F1-score_at_13": [
        0.0375,
        0.06495190528383289
    ],
    "precision_at_33": [
        0.06060606060606061,
        0.056691778587483956
    ],
    "recall_at_33": [
        0.07478632478632478,
        0.06930093287194113
    ],
    "ndcg_at_k_33": [
        0.07827511126955651,
        0.09009736852341385
    ],
    "F1-score_at_33": [
        0.06694915254237288,
        0.0623628758453201
    ],
    "precision_at_66": [
        0.045454545454545456,
        0.030303030303030304
    ],
    "recall_at_66": [
        0.11289173789173788,
        0.07589648809543116
    ],
    "ndcg_at_k_66": [
        0.09923212076590993,
        0.08550894225005758
    ],
    "F1-score_at_66": [
        0.0648083216456288,
        0.043304916866737236
    ],
    "precision_at_133": [
        0.039473684210526314,
        0.02399839348647313
    ],
    "recall_at_133": [
        0.198005698005698,
        0.12355445767815405
    ],
    "ndcg_at_k_133": [
        0.1397294313324207,
        0.08525320256208395
    ],
    "F1-score_at_133": [
        0.06582154088050314,
        0.040190197679445115
    ]
}