{
    "precision_at_50": [
        0.0,
        0.0
    ],
    "recall_at_50": [
        0.0,
        0.0
    ],
    "ndcg_at_k_50": [
        0.0,
        0.0
    ],
    "F1-score_at_50": [
        0.0,
        0.0
    ],
    "precision_at_13": [
        0.0,
        0.0
    ],
    "recall_at_13": [
        0.0,
        0.0
    ],
    "ndcg_at_k_13": [
        0.0,
        0.0
    ],
    "F1-score_at_13": [
        0.0,
        0.0
    ],
    "precision_at_34": [
        0.0,
        0.0
    ],
    "recall_at_34": [
        0.0,
        0.0
    ],
    "ndcg_at_k_34": [
        0.0,
        0.0
    ],
    "F1-score_at_34": [
        0.0,
        0.0
    ],
    "precision_at_69": [
        0.0,
        0.0
    ],
    "recall_at_69": [
        0.0,
        0.0
    ],
    "ndcg_at_k_69": [
        0.0,
        0.0
    ],
    "F1-score_at_69": [
        0.0,
        0.0
    ],
    "precision_at_139": [
        0.00432,
        0.00576
    ],
    "recall_at_139": [
        0.02196,
        0.0295
    ],
    "ndcg_at_k_139": [
        0.01045,
        0.01409
    ],
    "F1-score_at_139": [
        0.00721,
        0.00963
    ]
}